{
  "Default": 0.6953333333333334,
  "Twitter": 0.7106666666666667,
  "3-Star": 0.704
}